{
  "version": "1",
  "featureCount": 16,
  "classOrder": [
    "LOW",
    "MEDIUM",
    "HIGH",
    "CRITICAL"
  ],
  "level": {
    "W": [
      [
        -0.5175626091098939,
        -0.35818431436236525,
        -0.5195505506115099,
        -0.37182347063433374,
        -0.4198523203725964,
        -0.4514521812241644,
        -0.35525980405024454,
        -0.4673858704712234,
        -0.3438304089710984,
        -0.713571150770952,
        -0.2519912449160279,
        -0.0999906513658991,
        -0.6971388072910373,
        -0.41572815393551027,
        -0.45801468584768257,
        -0.10093950891830622,
        -1.927273589321566
      ],
      [
        -0.23242703150775332,
        -0.5001648663867843,
        -0.40035315283034834,
        -0.4289397778879496,
        -0.38820338177050556,
        -0.28732289284928897,
        -0.1466612449117367,
        -0.6399731605131038,
        -0.44585346248960867,
        -0.25966887733085864,
        -0.24493993288055044,
        -0.014999434822558421,
        -0.3788912976781454,
        0.08722112951365842,
        -0.31628519869574495,
        -0.1625345610319597,
        -0.9262866490896469
      ],
      [
        0.7493206733464095,
        -3.543957969133354,
        0.028344461623899562,
        -1.671142620287378,
        -1.629398896696635,
        0.4654164537702931,
        0.4292195729039768,
        -0.13951858661519065,
        -1.2621349777253141,
        -0.47908713573210826,
        -0.866511652493908,
        -0.5183220904550032,
        -0.09736137057368058,
        0.5258878218007927,
        0.4005614168192538,
        -0.010315598881232027,
        1.8116312668104388
      ],
      [
        0.008880195118749748,
        4.397293866284111,
        0.9000209561595587,
        2.4686642059577952,
        2.4332943172584907,
        0.2709334580245095,
        0.051401047045466164,
        1.2580309773744756,
        2.065843133860665,
        1.4514841362778261,
        1.378604692665125,
        0.634544727812924,
        1.1650825135867158,
        -0.1991477682877286,
        0.36967540085847833,
        0.27085053561043454,
        1.0366141096663306
      ]
    ]
  },
  "deadlinePressure": {
    "w": [
      0.7238440472831973,
      1.1371622231812712,
      1.4366434478769536,
      1.1598041826269605,
      0.6001115747797999,
      0.6631876964811588,
      0.5601287139547552,
      0.6350523797697856,
      0.3868575716880022,
      1.0946758102078145,
      0.45443067975413276,
      0.13819316586146432,
      1.0327189248033273,
      0.5898618550965866,
      0.6924982090863322,
      0.17323415490729852,
      2.9174545489181853
    ]
  },
  "metrics": {
    "levelAccuracyHoldoutSlice": 0.9825,
    "deadlineConfusionApprox": {
      "tp": 1996,
      "fp": 4,
      "tn": 0,
      "fn": 0
    }
  },
  "trainingNotes": "Synthetic labels from computeRiskFromPayload + heuristic deadline-pressure oracle; re-run after changing the rule engine."
}
