{
  "version": "1",
  "featureCount": 16,
  "classOrder": [
    "LOW",
    "MEDIUM",
    "HIGH",
    "CRITICAL"
  ],
  "level": {
    "W": [
      [
        -0.5436466248207362,
        -0.3758331223394857,
        -0.5305946640968097,
        -0.38317316913550636,
        -0.43718517569531234,
        -0.4734861167654641,
        -0.3555141097051678,
        -0.46647798058048395,
        -0.3575001589473623,
        -0.7447960157428463,
        -0.28004935597058345,
        -0.0999998612198045,
        -0.7235931992848831,
        -0.38361077321020853,
        -0.4861592935707016,
        -0.11687067862947564,
        -1.999326570626873
      ],
      [
        -0.09470159256143108,
        -0.675446767988816,
        -0.08027908507694205,
        -0.45619918695528855,
        -0.6778053376520506,
        -0.12413024870504971,
        -0.19705319022939122,
        -0.5569561426266397,
        -0.6323067856016448,
        -0.6115713215889866,
        -0.23833784902398394,
        0.12234158728216178,
        -0.41427106612050363,
        -0.4690318846025413,
        0.23119994142045874,
        -0.20080600172897187,
        -0.4396849870126665
      ],
      [
        0.6172604311362189,
        -3.8095291074162554,
        -0.14849756109144938,
        -0.9087897095506305,
        -1.7797618338631331,
        -0.14809129836871399,
        0.33259050047471783,
        -0.46490040933328713,
        -1.9759328367379196,
        -0.06193757270202279,
        -0.855797003077953,
        -0.07209739695696402,
        0.030649796659568233,
        0.7145889818270906,
        0.1496442035804744,
        -0.309138620624903,
        1.8926775336109587
      ],
      [
        0.045554411318804895,
        4.859757418579883,
        0.7384656910290845,
        1.7482586132743314,
        2.9260902961399604,
        0.738761572892858,
        0.2233744230391467,
        1.483872019469383,
        2.9746828385888913,
        1.4323197760024577,
        1.371018891624613,
        0.06317577905679653,
        1.090028790517678,
        0.15159971488168444,
        0.10563860921391947,
        0.62350088913038,
        0.5405503378475458
      ]
    ]
  },
  "deadlinePressure": {
    "w": [
      0.6147470964865293,
      1.2669198111208573,
      1.4919403436962915,
      1.2694089054941513,
      0.736862382762787,
      0.8191109837184902,
      0.4702009659803497,
      0.5636092436449507,
      0.43552428639838797,
      1.1272266036987808,
      0.3164976312799963,
      0.08260958427635395,
      0.8599020049444782,
      0.3414498650990501,
      0.44485468424993424,
      0.3796325779695732,
      2.8888046990246754
    ]
  },
  "metrics": {
    "levelAccuracyHoldoutSlice": 0.9825,
    "deadlineConfusionApprox": {
      "tp": 1992,
      "fp": 8,
      "tn": 0,
      "fn": 0
    }
  },
  "trainingNotes": "Synthetic labels from computeRiskFromPayload + heuristic deadline-pressure oracle; re-run after changing the rule engine."
}
