{
  "version": "1",
  "featureCount": 16,
  "classOrder": [
    "LOW",
    "MEDIUM",
    "HIGH",
    "CRITICAL"
  ],
  "level": {
    "W": [
      [
        -0.5311912727792839,
        -0.3741128219497114,
        -0.5392774535329423,
        -0.3675447232604247,
        -0.45272359717679106,
        -0.4686317662764066,
        -0.35742166083082655,
        -0.4874131986254214,
        -0.36249666522093765,
        -0.6788944848815995,
        -0.285620726403447,
        -0.13816632961672692,
        -0.6379655987160836,
        -0.4319530077267359,
        -0.5041555875342608,
        -0.11622511173254213,
        -1.6807060205538173
      ],
      [
        -0.17080221836519738,
        -0.518752450828215,
        -0.6310966436909039,
        -0.45503267984606344,
        -0.4203095004268647,
        -0.28203053878251355,
        -0.15985409383954757,
        -0.5124378606709438,
        -0.3511406590829649,
        -0.604000255794402,
        -0.24612474460728404,
        -0.1876978040923408,
        -0.35328639350968694,
        -0.20107894668553528,
        -0.1536206252129642,
        -0.14891357285121581,
        -0.7872383557348951
      ],
      [
        0.6410016947710844,
        -3.916547195821325,
        -0.49808941898338027,
        -0.9062127956088666,
        -1.6735979371763297,
        0.4849861885950282,
        0.3765883972047298,
        -0.638987836316355,
        -2.0004259119347783,
        -0.14537566883761013,
        -1.5347429570794306,
        -0.07930367989649534,
        0.15624937916020898,
        0.5630503331176061,
        0.27961561223186876,
        -0.6317611645493043,
        2.1679978672122155
      ],
      [
        0.061987338947575514,
        4.80657845110761,
        1.6787488352080862,
        1.715320637821922,
        2.5485705328149413,
        0.2630128829514772,
        0.13816440037813835,
        1.6120852937711985,
        2.720986649792519,
        1.4248689269238335,
        2.0637786044707624,
        0.38469796689828006,
        0.8263383392474011,
        0.07035415384614394,
        0.3908496724458871,
        0.8840633738397731,
        0.324266133039043
      ]
    ]
  },
  "deadlinePressure": {
    "w": [
      0.5465478289281385,
      1.3371120593812713,
      1.6422657447622955,
      1.353717811040547,
      0.5820762197012543,
      0.739629436654414,
      0.5995236666522337,
      0.7652588071047186,
      0.38505697077669954,
      0.8897783330116676,
      0.3872411873656881,
      0.04918187162589425,
      0.4183221911723583,
      0.2406292009046987,
      0.6680280920576519,
      0.2580011915989907,
      2.7134122105422316
    ]
  },
  "metrics": {
    "levelAccuracyHoldoutSlice": 0.975,
    "deadlineConfusionApprox": {
      "tp": 1992,
      "fp": 8,
      "tn": 0,
      "fn": 0
    }
  },
  "trainingNotes": "Synthetic labels from computeRiskFromPayload + heuristic deadline-pressure oracle; re-run after changing the rule engine."
}
